timeStamp,elapsed,label,responseCode,responseMessage,threadName,dataType,success,failureMessage,bytes,sentBytes,grpThreads,allThreads,URL,Latency,IdleTime,Connect
1775446186345,2083,HTTP Request,200,OK,Thread Group 1-1,text,true,,82998,116,3,3,https://www.google.com/,1753,0,1010
1775446187189,2148,HTTP Request,200,OK,Thread Group 1-2,text,true,,83053,116,4,4,https://www.google.com/,2008,0,183
1775446188192,1593,HTTP Request,200,OK,Thread Group 1-3,text,true,,83001,116,4,4,https://www.google.com/,1013,0,245
1775446188434,1742,HTTP Request,200,OK,Thread Group 1-1,text,true,,82939,116,4,4,https://www.google.com/,1295,0,0
1775446189190,990,HTTP Request,200,OK,Thread Group 1-4,text,true,,83036,116,4,4,https://www.google.com/,740,0,149
1775446189339,886,HTTP Request,200,OK,Thread Group 1-2,text,true,,83049,116,5,5,https://www.google.com/,589,0,0
1775446189786,872,HTTP Request,200,OK,Thread Group 1-3,text,true,,82923,116,5,5,https://www.google.com/,475,0,0
1775446190177,807,HTTP Request,200,OK,Thread Group 1-1,text,true,,83056,116,5,5,https://www.google.com/,462,0,0
1775446190181,938,HTTP Request,200,OK,Thread Group 1-4,text,true,,83054,116,5,5,https://www.google.com/,630,0,0
1775446190188,978,HTTP Request,200,OK,Thread Group 1-5,text,true,,83006,116,5,5,https://www.google.com/,572,0,119
1775446190226,1227,HTTP Request,200,OK,Thread Group 1-2,text,true,,83048,116,6,6,https://www.google.com/,920,0,0
1775446190659,926,HTTP Request,200,OK,Thread Group 1-3,text,true,,82997,116,6,6,https://www.google.com/,597,0,0
1775446191120,887,HTTP Request,200,OK,Thread Group 1-4,text,true,,83002,116,6,6,https://www.google.com/,546,0,0
1775446191167,931,HTTP Request,200,OK,Thread Group 1-5,text,true,,82949,116,6,6,https://www.google.com/,603,0,0
1775446191185,987,HTTP Request,200,OK,Thread Group 1-6,text,true,,82993,116,6,6,https://www.google.com/,598,0,114
1775446191454,809,HTTP Request,200,OK,Thread Group 1-2,text,true,,83099,116,7,7,https://www.google.com/,485,0,0
1775446191585,885,HTTP Request,200,OK,Thread Group 1-3,text,true,,82982,116,7,7,https://www.google.com/,560,0,0
1775446190985,1715,HTTP Request,200,OK,Thread Group 1-1,text,true,,82945,116,7,7,https://www.google.com/,1386,0,0
1775446192009,902,HTTP Request,200,OK,Thread Group 1-4,text,true,,82996,116,7,7,https://www.google.com/,598,0,0
1775446192173,929,HTTP Request,200,OK,Thread Group 1-6,text,true,,82984,116,7,7,https://www.google.com/,610,0,0
1775446192264,988,HTTP Request,200,OK,Thread Group 1-2,text,true,,83009,116,8,8,https://www.google.com/,670,0,0
1775446192099,1288,HTTP Request,200,OK,Thread Group 1-5,text,true,,83031,116,8,8,https://www.google.com/,950,0,0
1775446192701,780,HTTP Request,200,OK,Thread Group 1-1,text,true,,82947,116,8,8,https://www.google.com/,457,0,0
1775446192471,1258,HTTP Request,200,OK,Thread Group 1-3,text,true,,83022,116,8,8,https://www.google.com/,922,0,0
1775446192912,865,HTTP Request,200,OK,Thread Group 1-4,text,true,,82957,116,8,8,https://www.google.com/,565,0,0
1775446193103,825,HTTP Request,200,OK,Thread Group 1-6,text,true,,83019,116,8,8,https://www.google.com/,528,0,0
1775446193253,814,HTTP Request,200,OK,Thread Group 1-2,text,true,,83093,116,8,8,https://www.google.com/,498,0,0
1775446193186,883,HTTP Request,200,OK,Thread Group 1-8,text,true,,82940,116,8,8,https://www.google.com/,560,0,108
1775446193388,779,HTTP Request,200,OK,Thread Group 1-5,text,true,,83065,116,8,8,https://www.google.com/,457,0,0
1775446192185,2023,HTTP Request,200,OK,Thread Group 1-7,text,true,,82929,116,9,9,https://www.google.com/,1721,0,112
1775446193730,863,HTTP Request,200,OK,Thread Group 1-3,text,true,,82962,116,9,9,https://www.google.com/,448,0,0
1775446193482,1441,HTTP Request,200,OK,Thread Group 1-1,text,true,,83066,116,9,9,https://www.google.com/,1110,0,0
1775446194209,787,HTTP Request,200,OK,Thread Group 1-7,text,true,,83045,116,9,9,https://www.google.com/,479,0,0
1775446193778,1250,HTTP Request,200,OK,Thread Group 1-4,text,true,,83020,116,9,9,https://www.google.com/,945,0,0
1775446194068,970,HTTP Request,200,OK,Thread Group 1-2,text,true,,83025,116,9,9,https://www.google.com/,658,0,0
1775446194070,1033,HTTP Request,200,OK,Thread Group 1-8,text,true,,83016,116,9,9,https://www.google.com/,691,0,0
1775446194184,989,HTTP Request,200,OK,Thread Group 1-9,text,true,,82988,116,9,9,https://www.google.com/,578,0,114
1775446194168,1383,HTTP Request,200,OK,Thread Group 1-5,text,true,,82970,116,10,10,https://www.google.com/,1005,0,0
1775446194594,958,HTTP Request,200,OK,Thread Group 1-3,text,true,,82918,116,10,10,https://www.google.com/,598,0,0
1775446193929,1715,HTTP Request,200,OK,Thread Group 1-6,text,true,,83069,116,10,10,https://www.google.com/,1403,0,0
1775446195030,797,HTTP Request,200,OK,Thread Group 1-4,text,true,,82988,116,10,10,https://www.google.com/,521,0,0
1775446195186,1029,HTTP Request,200,OK,Thread Group 1-10,text,true,,83004,116,10,10,https://www.google.com/,601,0,146
1775446194924,1317,HTTP Request,200,OK,Thread Group 1-1,text,true,,83014,116,10,10,https://www.google.com/,977,0,0
1775446195104,1149,HTTP Request,200,OK,Thread Group 1-8,text,true,,83053,116,10,10,https://www.google.com/,771,0,0
1775446194997,1306,HTTP Request,200,OK,Thread Group 1-7,text,true,,82905,116,10,10,https://www.google.com/,1015,0,0
1775446195552,772,HTTP Request,200,OK,Thread Group 1-5,text,true,,82931,116,10,10,https://www.google.com/,452,0,0
1775446195554,809,HTTP Request,200,OK,Thread Group 1-3,text,true,,83099,116,10,10,https://www.google.com/,478,0,0
1775446195645,770,HTTP Request,200,OK,Thread Group 1-6,text,true,,83138,116,10,10,https://www.google.com/,475,0,0
1775446195039,1385,HTTP Request,200,OK,Thread Group 1-2,text,true,,82905,116,10,10,https://www.google.com/,1089,0,0
1775446195175,1278,HTTP Request,200,OK,Thread Group 1-9,text,true,,83122,116,10,10,https://www.google.com/,912,0,0
1775446196242,800,HTTP Request,200,OK,Thread Group 1-1,text,true,,82998,116,10,10,https://www.google.com/,631,0,0
1775446196254,807,HTTP Request,200,OK,Thread Group 1-8,text,true,,82970,116,10,10,https://www.google.com/,576,0,0
1775446196303,783,HTTP Request,200,OK,Thread Group 1-7,text,true,,83013,116,10,10,https://www.google.com/,526,0,0
1775446196217,891,HTTP Request,200,OK,Thread Group 1-10,text,true,,83035,116,10,10,https://www.google.com/,611,0,0
1775446195828,1311,HTTP Request,200,OK,Thread Group 1-4,text,true,,83052,116,10,10,https://www.google.com/,1002,0,0
1775446196424,775,HTTP Request,200,OK,Thread Group 1-2,text,true,,82979,116,10,10,https://www.google.com/,474,0,0
1775446196416,1033,HTTP Request,200,OK,Thread Group 1-6,text,true,,82995,116,10,10,https://www.google.com/,725,0,0
1775446196364,1295,HTTP Request,200,OK,Thread Group 1-3,text,true,,83060,116,10,10,https://www.google.com/,964,0,0
1775446196325,1493,HTTP Request,200,OK,Thread Group 1-5,text,true,,83028,116,10,10,https://www.google.com/,1163,0,0
1775446197110,901,HTTP Request,200,OK,Thread Group 1-10,text,true,,82944,116,10,10,https://www.google.com/,567,0,0
1775446197043,987,HTTP Request,200,OK,Thread Group 1-1,text,true,,82932,116,10,10,https://www.google.com/,662,0,0
1775446197061,987,HTTP Request,200,OK,Thread Group 1-8,text,true,,82988,116,10,10,https://www.google.com/,642,0,0
1775446197087,1015,HTTP Request,200,OK,Thread Group 1-7,text,true,,83050,116,10,10,https://www.google.com/,708,0,0
1775446197200,1011,HTTP Request,200,OK,Thread Group 1-2,text,true,,83052,116,10,10,https://www.google.com/,697,0,0
1775446197450,780,HTTP Request,200,OK,Thread Group 1-6,text,true,,83074,116,9,9,https://www.google.com/,478,0,0
1775446196453,1780,HTTP Request,200,OK,Thread Group 1-9,text,true,,82995,116,9,9,https://www.google.com/,1470,0,0
1775446197820,803,HTTP Request,200,OK,Thread Group 1-5,text,true,,83023,116,9,9,https://www.google.com/,463,0,0
1775446197660,963,HTTP Request,200,OK,Thread Group 1-3,text,true,,83059,116,9,9,https://www.google.com/,488,0,0
1775446197140,1660,HTTP Request,200,OK,Thread Group 1-4,text,true,,82969,116,8,8,https://www.google.com/,1452,0,0
1775446198030,839,HTTP Request,200,OK,Thread Group 1-1,text,true,,83015,116,8,8,https://www.google.com/,568,0,0
1775446198012,867,HTTP Request,200,OK,Thread Group 1-10,text,true,,83019,116,7,7,https://www.google.com/,587,0,0
1775446198103,804,HTTP Request,200,OK,Thread Group 1-7,text,true,,83019,116,7,7,https://www.google.com/,496,0,0
1775446198234,795,HTTP Request,200,OK,Thread Group 1-9,text,true,,83025,116,7,7,https://www.google.com/,456,0,0
1775446198049,1181,HTTP Request,200,OK,Thread Group 1-8,text,true,,82981,116,7,7,https://www.google.com/,795,0,0
1775446198231,1007,HTTP Request,200,OK,Thread Group 1-6,text,true,,82859,116,7,7,https://www.google.com/,711,0,0
1775446198624,997,HTTP Request,200,OK,Thread Group 1-5,text,true,,83012,116,7,7,https://www.google.com/,659,0,0
1775446198880,916,HTTP Request,200,OK,Thread Group 1-10,text,true,,82997,116,7,7,https://www.google.com/,668,0,0
1775446198801,998,HTTP Request,200,OK,Thread Group 1-4,text,true,,83072,116,7,7,https://www.google.com/,747,0,0
1775446198908,976,HTTP Request,200,OK,Thread Group 1-7,text,true,,83019,116,6,6,https://www.google.com/,674,0,0
1775446199030,980,HTTP Request,200,OK,Thread Group 1-9,text,true,,82991,116,6,6,https://www.google.com/,644,0,0
1775446199232,804,HTTP Request,200,OK,Thread Group 1-8,text,true,,83070,116,6,6,https://www.google.com/,463,0,0
1775446199622,792,HTTP Request,200,OK,Thread Group 1-5,text,true,,83017,116,6,6,https://www.google.com/,451,0,0
1775446199797,846,HTTP Request,200,OK,Thread Group 1-10,text,true,,82945,116,5,5,https://www.google.com/,552,0,0
1775446199241,1749,HTTP Request,200,OK,Thread Group 1-6,text,true,,82975,116,5,5,https://www.google.com/,1409,0,0
1775446199884,1117,HTTP Request,200,OK,Thread Group 1-7,text,true,,83086,116,5,5,https://www.google.com/,795,0,0
1775446200037,1317,HTTP Request,200,OK,Thread Group 1-8,text,true,,83064,116,5,5,https://www.google.com/,981,0,0
1775446200644,932,HTTP Request,200,OK,Thread Group 1-10,text,true,,83026,116,5,5,https://www.google.com/,664,0,0
1775446200025,1609,HTTP Request,200,OK,Thread Group 1-9,text,true,,83076,116,5,5,https://www.google.com/,1283,0,0
1775446201001,758,HTTP Request,200,OK,Thread Group 1-7,text,true,,82896,116,5,5,https://www.google.com/,473,0,0
1775446200991,791,HTTP Request,200,OK,Thread Group 1-6,text,true,,83036,116,5,5,https://www.google.com/,478,0,0
1775446201354,796,HTTP Request,200,OK,Thread Group 1-8,text,true,,83060,116,4,4,https://www.google.com/,469,0,0
1775446201634,801,HTTP Request,200,OK,Thread Group 1-9,text,true,,83068,116,4,4,https://www.google.com/,475,0,0
1775446201760,1310,HTTP Request,200,OK,Thread Group 1-7,text,true,,83011,116,4,4,https://www.google.com/,990,0,0
1775446201577,1812,HTTP Request,200,OK,Thread Group 1-10,text,true,,82912,116,3,3,https://www.google.com/,1491,0,0
1775446202151,1337,HTTP Request,200,OK,Thread Group 1-8,text,true,,83003,116,3,3,https://www.google.com/,1003,0,0
1775446202436,1787,HTTP Request,200,OK,Thread Group 1-9,text,true,,83092,116,2,2,https://www.google.com/,1297,0,0
1775446203389,1447,HTTP Request,200,OK,Thread Group 1-10,text,true,,83014,116,2,2,https://www.google.com/,1120,0,0
1775446204223,969,HTTP Request,200,OK,Thread Group 1-9,text,true,,83165,116,2,2,https://www.google.com/,645,0,0
1775446204837,795,HTTP Request,200,OK,Thread Group 1-10,text,true,,82992,116,2,2,https://www.google.com/,450,0,0
1775446205193,916,HTTP Request,200,OK,Thread Group 1-9,text,true,,82973,116,1,1,https://www.google.com/,550,0,0
